{
  "version" : "1.0",
  "type" : "minecraft:chest",
  "pools" : [ {
    "name" : "uncommon_items",
    "rolls" : 1,
    "entries" : [ {
      "entryName" : "spectral_arrow",
      "type" : "minecraft:item",
      "name" : "minecraft:spectral_arrow",
      "weight" : 15,
      "functions" : [ {
        "function" : "minecraft:set_count",
        "count" : {
          "min" : 2,
          "max" : 6
        }
      } ]
    }, {
      "entryName" : "iron_ingot",
      "type" : "minecraft:item",
      "name" : "minecraft:iron_ingot",
      "weight" : 20,
      "functions" : [ {
        "function" : "minecraft:set_count",
        "count" : {
          "min" : 2,
          "max" : 7
        }
      } ]
    }, {
      "entryName" : "paper",
      "type" : "minecraft:item",
      "name" : "minecraft:paper",
      "weight" : 25,
      "functions" : [ {
        "function" : "minecraft:set_count",
        "count" : {
          "min" : 1,
          "max" : 2
        }
      } ]
    }, {
      "entryName" : "paper",
      "type" : "item",
      "name" : "minecraft:paper",
      "weight" : 25,
      "functions" : [ {
        "function" : "set_count",
        "count" : {
          "min" : 1,
          "max" : 2
        }
      } ]
    }, {
      "entryName" : "reeds",
      "type" : "item",
      "name" : "minecraft:sugar_cane",
      "weight" : 50,
      "functions" : [ {
        "function" : "set_count",
        "count" : {
          "min" : 1,
          "max" : 2
        }
      } ]
    }, {
      "entryName" : "sugar_cane",
      "type" : "minecraft:item",
      "name" : "minecraft:sugar_cane",
      "weight" : 50,
      "functions" : [ {
        "function" : "minecraft:set_count",
        "count" : {
          "min" : 1,
          "max" : 2
        }
      } ]
    }, {
      "entryName" : "book",
      "type" : "minecraft:item",
      "name" : "minecraft:book",
      "weight" : 25,
      "functions" : [ {
        "function" : "minecraft:set_count",
        "count" : {
          "min" : 1,
          "max" : 2
        }
      } ]
    }, {
      "entryName" : "bowl",
      "type" : "minecraft:item",
      "name" : "minecraft:bowl",
      "weight" : 30
    }, {
      "entryName" : "redstone",
      "type" : "minecraft:item",
      "name" : "minecraft:redstone",
      "weight" : 30,
      "functions" : [ {
        "function" : "minecraft:set_count",
        "count" : {
          "min" : 1,
          "max" : 3
        }
      } ]
    }, {
      "entryName" : "redstone_torch",
      "type" : "minecraft:item",
      "name" : "minecraft:redstone_torch",
      "weight" : 40,
      "functions" : [ {
        "function" : "minecraft:set_count",
        "count" : {
          "min" : 1,
          "max" : 2
        }
      } ]
    }, {
      "entryName" : "coal",
      "type" : "minecraft:item",
      "name" : "minecraft:coal",
      "weight" : 50,
      "functions" : [ {
        "function" : "minecraft:set_count",
        "count" : {
          "min" : 1,
          "max" : 5
        }
      } ]
    }, {
      "entryName" : "bow",
      "type" : "minecraft:item",
      "name" : "minecraft:bow",
      "weight" : 25
    }, {
      "entryName" : "clay",
      "type" : "minecraft:item",
      "name" : "minecraft:clay",
      "weight" : 15,
      "functions" : [ {
        "function" : "minecraft:set_count",
        "count" : {
          "min" : 1,
          "max" : 3
        }
      } ]
    }, {
      "entryName" : "bucket",
      "type" : "minecraft:item",
      "name" : "minecraft:bucket",
      "weight" : 50
    }, {
      "entryName" : "slime_ball",
      "type" : "minecraft:item",
      "name" : "minecraft:slime_ball",
      "weight" : 35,
      "functions" : [ {
        "function" : "minecraft:set_count",
        "count" : {
          "min" : 1,
          "max" : 3
        }
      } ]
    }, {
      "entryName" : "lead",
      "type" : "minecraft:item",
      "name" : "minecraft:lead",
      "weight" : 35,
      "functions" : [ {
        "function" : "minecraft:set_count",
        "count" : {
          "min" : 1,
          "max" : 3
        }
      } ]
    }, {
      "entryName" : "fermented_spider_eye",
      "type" : "minecraft:item",
      "name" : "minecraft:fermented_spider_eye",
      "weight" : 25,
      "functions" : [ {
        "function" : "minecraft:set_count",
        "count" : {
          "min" : 1,
          "max" : 3
        }
      } ]
    }, {
      "entryName" : "scute",
      "type" : "minecraft:item",
      "name" : "minecraft:scute",
      "weight" : 25,
      "functions" : [ {
        "function" : "minecraft:set_count",
        "count" : {
          "min" : 1,
          "max" : 2
        }
      } ]
    }, {
      "entryName" : "phantom_membrane",
      "type" : "minecraft:item",
      "name" : "minecraft:phantom_membrane",
      "weight" : 15,
      "functions" : [ {
        "function" : "minecraft:set_count",
        "count" : {
          "min" : 1,
          "max" : 1
        }
      } ]
    }, {
      "entryName" : "lantern",
      "type" : "minecraft:item",
      "name" : "minecraft:lantern",
      "weight" : 25,
      "functions" : [ {
        "function" : "minecraft:set_count",
        "count" : {
          "min" : 1,
          "max" : 1
        }
      } ]
    }, {
      "entryName" : "soul_lantern",
      "type" : "minecraft:item",
      "name" : "minecraft:soul_lantern",
      "weight" : 15,
      "functions" : [ {
        "function" : "minecraft:set_count",
        "count" : {
          "min" : 1,
          "max" : 1
        }
      } ]
    }, {
      "entryName" : "crossbow",
      "type" : "minecraft:item",
      "name" : "minecraft:crossbow",
      "weight" : 20
    }, {
      "entryName" : "chain",
      "type" : "minecraft:item",
      "name" : "minecraft:chain",
      "weight" : 35,
      "functions" : [ {
        "function" : "minecraft:set_count",
        "count" : {
          "min" : 1,
          "max" : 3
        }
      } ]
    } ]
  } ]
}