{
  "version" : "2.0.0",
  "type" : "minecraft:chest",
  "pools" : [ {
    "name" : "rare_armor",
    "rolls" : 1,
    "entries" : [ {
      "entryName" : "diamond_chestplate",
      "type" : "minecraft:item",
      "name" : "minecraft:diamond_chestplate",
      "weight" : 10
    }, {
      "entryName" : "diamond_leggings",
      "type" : "minecraft:item",
      "name" : "minecraft:diamond_leggings",
      "weight" : 10
    }, {
      "entryName" : "diamond_helmet",
      "type" : "minecraft:item",
      "name" : "minecraft:diamond_helmet",
      "weight" : 10
    }, {
      "entryName" : "diamond_boots",
      "type" : "minecraft:item",
      "name" : "minecraft:diamond_boots",
      "weight" : 10
    }, {
      "entryName" : "iron_chestplate",
      "type" : "minecraft:item",
      "name" : "minecraft:iron_chestplate",
      "weight" : 15,
      "functions" : [ {
        "function" : "minecraft:enchant_with_levels",
        "levels" : 30,
        "treasure" : true
      } ]
    }, {
      "entryName" : "iron_leggings",
      "type" : "minecraft:item",
      "name" : "minecraft:iron_leggings",
      "weight" : 15,
      "functions" : [ {
        "function" : "minecraft:enchant_with_levels",
        "levels" : 30,
        "treasure" : true
      } ]
    }, {
      "entryName" : "iron_helmet",
      "type" : "minecraft:item",
      "name" : "minecraft:iron_helmet",
      "weight" : 20,
      "functions" : [ {
        "function" : "minecraft:enchant_with_levels",
        "levels" : 30,
        "treasure" : true
      } ]
    }, {
      "entryName" : "iron_boots",
      "type" : "minecraft:item",
      "name" : "minecraft:iron_boots",
      "weight" : 20,
      "functions" : [ {
        "function" : "minecraft:enchant_with_levels",
        "levels" : 30,
        "treasure" : true
      } ]
    }, {
      "entryName" : "golden_horse_armor",
      "type" : "minecraft:item",
      "name" : "minecraft:golden_horse_armor",
      "weight" : 8
    } ]
  }, {
    "name" : "rare_weapons",
    "rolls" : 1,
    "entries" : [ {
      "entryName" : "iron_sword",
      "type" : "minecraft:item",
      "name" : "minecraft:iron_sword",
      "weight" : 10,
      "functions" : [ {
        "function" : "minecraft:enchant_with_levels",
        "levels" : 30,
        "treasure" : true
      }, {
        "function" : "minecraft:enchant_randomly"
      } ]
    }, {
      "entryName" : "diamond_sword",
      "type" : "minecraft:item",
      "name" : "minecraft:diamond_sword",
      "weight" : 10,
      "functions" : [ {
        "function" : "minecraft:enchant_randomly"
      } ]
    }, {
      "entryName" : "shadow_machete",
      "type" : "minecraft:item",
      "name" : "treasure2:shadow_machete",
      "weight" : 10
    }, {
      "entryName" : "shadow_falchion",
      "type" : "minecraft:item",
      "name" : "treasure2:shadow_falchion",
      "weight" : 10
    }, {
      "entryName" : "skull_sword",
      "type" : "minecraft:item",
      "name" : "treasure2:skull_sword",
      "weight" : 10
    }, {
      "entryName" : "snake_eyes_katana",
      "type" : "minecraft:item",
      "name" : "treasure2:snake_eyes_katana",
      "weight" : 10
    }, {
      "entryName" : "storm_shadows_katana",
      "type" : "minecraft:item",
      "name" : "treasure2:storm_shadows_katana",
      "weight" : 10
    } ]
  } ]
}