{
	"version": "1.0",
	"type": "minecraft:chest",
	"pools": [
		{
			"name": "scarce_armor",
			"rolls": 1,
			"entries": [
				{
					"entryName": "iron_chestplate",
					"type": "minecraft:item",
					"name": "minecraft:iron_chestplate",
					"weight": 20,
					"functions": [
						{
							"function": "minecraft:enchant_randomly"
						}
					]
				},
				{
					"entryName": "iron_leggings",
					"type": "minecraft:item",
					"name": "minecraft:iron_leggings",
					"weight": 20,
					"functions": [
						{
							"function": "minecraft:enchant_randomly"
						}
					]
				},
				{
					"entryName": "iron_helmet",
					"type": "minecraft:item",
					"name": "minecraft:iron_helmet",
					"weight": 20,
					"functions": [
						{
							"function": "minecraft:enchant_randomly"
						}
					]
				},
				{
					"entryName": "iron_boots",
					"type": "minecraft:item",
					"name": "minecraft:iron_boots",
					"weight": 20,
					"functions": [
						{
							"function": "minecraft:enchant_randomly"
						}
					]
				},
				{
					"entryName": "shield",
					"type": "minecraft:item",
					"name": "minecraft:shield",
					"weight": 10
				},
				{
					"entryName": "leather_chestplate",
					"type": "minecraft:item",
					"name": "minecraft:leather_chestplate",
					"weight": 15,
					"functions": [
						{
							"function": "minecraft:enchant_randomly"
						},
						{
							"function": "minecraft:enchant_randomly"
						}
					]
				},
				{
					"entryName": "leather_leggings",
					"type": "minecraft:item",
					"name": "minecraft:leather_leggings",
					"weight": 15,
					"functions": [
						{
							"function": "minecraft:enchant_randomly"
						},
						{
							"function": "minecraft:enchant_randomly"
						}
					]
				},
				{
					"entryName": "leather_helmet",
					"type": "minecraft:item",
					"name": "minecraft:leather_helmet",
					"weight": 15,
					"functions": [
						{
							"function": "minecraft:enchant_randomly"
						},
						{
							"function": "minecraft:enchant_randomly"
						}
					]
				},
				{
					"entryName": "leather_boots",
					"type": "minecraft:item",
					"name": "minecraft:leather_boots",
					"weight": 15,
					"functions": [
						{
							"function": "minecraft:enchant_randomly"
						},
						{
							"function": "minecraft:enchant_randomly"
						}
					]
				},
				{
					"entryName": "turtle_helmet",
					"type": "minecraft:item",
					"name": "minecraft:turtle_helmet",
					"weight": 20
				},
				{
					"entryName": "iron_horse_armor",
					"type": "minecraft:item",
					"name": "minecraft:iron_horse_armor",
					"weight": 8
				}				
			]
		}
	]
}
