{
	"version": "1.0",
	"type": "minecraft:chest",
	"pools": [
		{
			"name": "uncommon_armor",
			"rolls": 1,
			"entries": [
				{
					"entryName": "iron_chestplate",
					"type": "minecraft:item",
					"name": "minecraft:iron_chestplate",
					"weight": 12.5
				},
				{
					"entryName": "iron_leggings",
					"type": "minecraft:item",
					"name": "minecraft:iron_leggings",
					"weight": 20
				},
				{
					"entryName": "iron_helmet",
					"type": "minecraft:item",
					"name": "minecraft:iron_helmet",
					"weight": 20
				},
				{
					"entryName": "iron_boots",
					"type": "minecraft:item",
					"name": "minecraft:iron_boots",
					"weight": 20
				},
				{
					"entryName": "shield",
					"type": "minecraft:item",
					"name": "minecraft:shield",
					"weight": 20
				},
				{
					"entryName": "golden_chestplate",
					"type": "minecraft:item",
					"name": "minecraft:golden_chestplate",
					"weight": 10,
					"functions": [
						{
							"function": "minecraft:enchant_randomly"
						}
					]
				},
				{
					"entryName": "golden_leggings",
					"type": "minecraft:item",
					"name": "minecraft:golden_leggings",
					"weight": 10,
					"functions": [
						{
							"function": "minecraft:enchant_randomly"
						}
					]
				},
				{
					"entryName": "golden_helmet",
					"type": "minecraft:item",
					"name": "minecraft:golden_helmet",
					"weight": 10,
					"functions": [
						{
							"function": "minecraft:enchant_randomly"
						}
					]
				},
				{
					"entryName": "golden_boots",
					"type": "minecraft:item",
					"name": "minecraft:golden_boots",
					"weight": 10,
					"functions": [
						{
							"function": "minecraft:enchant_randomly"
						}
					]
				},
				{
					"entryName": "leather_horse_armor",
					"type": "minecraft:item",
					"name": "minecraft:leather_horse_armor",
					"weight": 8
				}				
			]
		}
	]
}
