{
  "type": "minecraft:entity",
  "pools": [
    {
      "rolls": 1,
      "entries": [
        {
          "entryName": "rotten_flesh",
          "type": "minecraft:item",
          "name": "minecraft:rotten_flesh",
          "functions": [
            {
              "function": "minecraft:set_count",
              "count": {
                "min": 0.0,
                "max": 2.0,
                "type": "minecraft:uniform"
              }
            },
            {
              "function": "minecraft:looting_enchant",
              "count": {
                "min": 0.0,
                "max": 1.0
              }
            }
          ]          
        }
      ]
    },
    {
      "rolls": 1,
      "entries": [
        {
          "entryName": "iron_ingot",
          "type": "minecraft:item",
          "name": "minecraft:iron_ingot"
        },
        {
         "entryName": "sapphire",        
          "type": "minecraft:item",
          "name": "treasure2:sapphire"
        },
        {
          "entryName": "skeleton_key",
          "type": "minecraft:item",
          "name": "treasure2:skeleton_key"
        }
      ],
      "conditions": [
        {
          "condition": "minecraft:killed_by_player"
        },
        {
          "condition": "minecraft:random_chance_with_looting",
          "chance": 0.025,
          "looting_multiplier": 0.1
        }
      ]
    }
  ]
}