{
	"version": "1.0",
	"type": "minecraft:chest",
	"pools": [
		{
			"name": "scarce_potions",
			"rolls": 1,
			"entries": [
				{
					"entryName": "potion_s1",
					"type": "minecraft:item",
					"name": "minecraft:potion",
					"weight": 10,
					"functions": [
						{
							"function": "minecraft:set_nbt",
							"tag": "{Potion:\"minecraft:long_night_vision\"}"
						}
					]
				},
				{
					"entryName": "potion_s2",
					"type": "minecraft:item",
					"name": "minecraft:potion",
					"weight": 10,
					"functions": [
						{
							"function": "minecraft:set_nbt",
							"tag": "{Potion:\"minecraft:long_invisibility\"}"
						}
					]
				},
				{
					"entryName": "potion_s3",
					"type": "minecraft:item",
					"name": "minecraft:potion",
					"weight": 10,
					"functions": [
						{
							"function": "minecraft:set_nbt",
							"tag": "{Potion:\"minecraft:strong_strength\"}"
						}
					]
				},
				{
					"entryName": "potion_s4",
					"type": "minecraft:item",
					"name": "minecraft:potion",
					"weight": 10,
					"functions": [
						{
							"function": "minecraft:set_nbt",
							"tag": "{Potion:\"minecraft:long_weakness\"}"
						}
					]
				},
				{
					"entryName": "potion_s5",
					"type": "minecraft:item",
					"name": "minecraft:potion",
					"weight": 10,
					"functions": [
						{
							"function": "minecraft:set_nbt",
							"tag": "{Potion:\"minecraft:strong_leaping\"}"
						}
					]
				},
				{
					"entryName": "potion_s6",
					"type": "minecraft:item",
					"name": "minecraft:potion",
					"weight": 10,
					"functions": [
						{
							"function": "minecraft:set_nbt",
							"tag": "{Potion:\"minecraft:strong_swiftness\"}"
						}
					]
				},
				{
					"entryName": "potion_s7",
					"type": "minecraft:item",
					"name": "minecraft:potion",
					"weight": 10,
					"functions": [
						{
							"function": "minecraft:set_nbt",
							"tag": "{Potion:\"minecraft:strong_regeneration\"}"
						}
					]
				},
				{
					"entryName": "potion_s8",
					"type": "minecraft:item",
					"name": "minecraft:potion",
					"weight": 10,
					"functions": [
						{
							"function": "minecraft:set_nbt",
							"tag": "{Potion:\"minecraft:strong_poison\"}"
						}
					]
				},
				{
					"entryName": "potion_s9",
					"type": "minecraft:item",
					"name": "minecraft:potion",
					"weight": 10,
					"functions": [
						{
							"function": "minecraft:set_nbt",
							"tag": "{Potion:\"minecraft:turtle_master\"}"
						}
					]
				}
			]
		}
	]
}
