{
	"version": "2.0.0",
	"since": "mc1.16.5-v1.6.0",
	"category": "general",
	"rarity": "epic",
	"type": "minecraft:chest",
	"pools": [
		{
			"name": "treasure",
			"rolls": 1,
			"entries": [
				{
					"entryName": "emerald_key",
					"type": "minecraft:item",
					"name": "treasure2:emerald_key",
					"weight": 10
				},
				{
					"entryName": "sapphire_key",
					"type": "minecraft:item",
					"name": "treasure2:sapphire_key",
					"weight": 20
				},
				{
					"entryName": "ruby_key",
					"type": "minecraft:item",
					"name": "treasure2:ruby_key",
					"weight": 20
				},
				{
					"entryName": "jewelled_key",
					"type": "minecraft:item",
					"name": "treasure2:jewelled_key",
					"weight": 8
				},
				{
					"entryName": "metallurgists_key",
					"type": "minecraft:item",
					"name": "treasure2:metallurgists_key",
					"weight": 10
				},
				{
					"entryName": "skeleton_key",
					"type": "minecraft:item",
					"name": "treasure2:skeleton_key",
					"weight": 10
				},
				{
					"entryName": "white_pearl",
					"type": "minecraft:item",
					"name": "treasure2:white_pearl",
					"weight": 10,
					"functions": [
						{
							"function": "minecraft:set_count",
							"count": {
								"min": 2,
								"max": 5
							}
						}
					]
				},
				{
					"entryName": "black_pearl",
					"type": "minecraft:item",
					"name": "treasure2:white_pearl",
					"weight": 8,
					"functions": [
						{
							"function": "minecraft:set_count",
							"count": {
								"min": 1,
								"max": 4
							}
						}
					]
				}
			]
		},
		{
			"name": "charms",
			"rolls": 1,
			"entries": [
				{
					"type": "loot_table",
					"name": "treasure2:pools/treasure/epic_charms",
					"weight": 1
				}
			]
		},		
		{
			"name": "items",
			"rolls": 4,
			"entries": [
				{
					"entryName": "ender_pearl",
					"type": "minecraft:item",
					"name": "minecraft:ender_pearl",
					"weight": 15,
					"functions": [
						{
							"function": "minecraft:set_count",
							"count": {
								"min": 2,
								"max": 4
							}
						}
					]
				},
				{
					"entryName": "blaze_powder",
					"type": "minecraft:item",
					"name": "minecraft:blaze_powder",
					"weight": 25,
					"functions": [
						{
							"function": "minecraft:set_count",
							"count": {
								"min": 1,
								"max": 4
							}
						}
					]
				},
				{
					"entryName": "diamond",
					"type": "minecraft:item",
					"name": "minecraft:diamond",
					"weight": 25,
					"functions": [
						{
							"function": "minecraft:set_count",
							"count": {
								"min": 2,
								"max": 4
							}
						}
					]
				},
				{
					"entryName": "emerald",
					"type": "minecraft:item",
					"name": "minecraft:emerald",
					"weight": 25,
					"functions": [
						{
							"function": "minecraft:set_count",
							"count": {
								"min": 2,
								"max": 4
							}
						}
					]
				},
				{
					"entryName": "topaz",
					"type": "item",
					"name": "treasure2:topaz",
					"weight": 25,
					"functions": [
						{
							"function": "minecraft:set_count",
							"count": {
								"min": 2,
								"max": 4
							}
						}
					]					
				},
				{
					"entryName": "onyx",
					"type": "item",
					"name": "treasure2:onyx",
					"weight": 25,
					"functions": [
						{
							"function": "minecraft:set_count",
							"count": {
								"min": 2,
								"max": 4
							}
						}
					]
				},
				{
					"entryName": "sapphire",
					"type": "minecraft:item",
					"name": "treasure2:sapphire",
					"weight": 15,
					"functions": [
						{
							"function": "minecraft:set_count",
							"count": {
								"min": 2,
								"max": 4
							}
						}
					]
				},
				{
					"entryName": "ruby",
					"type": "minecraft:item",
					"name": "treasure2:ruby",
					"weight": 15,
					"functions": [
						{
							"function": "minecraft:set_count",
							"count": {
								"min": 2,
								"max": 4
							}
						}
					]
				}
			]
		}
	]
}