{
  "version" : "3.0",
  "since" : "mc1.18.2-v2.5.0",
  "category" : "general",
  "rarity" : "uncommon",
  "type" : "minecraft:chest",
  "pools" : [ {
    "name" : "treasure",
    "rolls" : {
      "min" : 2,
      "max" : 3
    },
    "entries" : [ {
      "type" : "minecraft:loot_table",
      "name" : "treasure2:pools/treasure/uncommon_treasure",
      "weight" : 1
    } ]
  }, {
    "name" : "items",
    "rolls" : {
      "min" : 2,
      "max" : 4
    },
    "entries" : [ {
      "type" : "minecraft:loot_table",
      "name" : "treasure2:pools/items/uncommon",
      "weight" : 1
    } ]
  }, {
    "name" : "armor",
    "rolls" : {
      "min" : 0,
      "max" : 2
    },
    "entries" : [ {
      "type" : "minecraft:loot_table",
      "name" : "treasure2:pools/armor/uncommon",
      "weight" : 1
    } ]
  }, {
    "name" : "food",
    "rolls" : {
      "min" : 0,
      "max" : 2
    },
    "entries" : [ {
      "type" : "minecraft:loot_table",
      "name" : "treasure2:pools/food/uncommon",
      "weight" : 1
    } ]
  }, {
    "name" : "tools",
    "rolls" : {
      "min" : 0,
      "max" : 1
    },
    "entries" : [ {
      "type" : "minecraft:loot_table",
      "name" : "treasure2:pools/tools/uncommon",
      "weight" : 1
    } ]
  }, {
    "name" : "potions",
    "rolls" : {
      "min" : 0,
      "max" : 2
    },
    "entries" : [ {
      "type" : "minecraft:loot_table",
      "name" : "treasure2:pools/potions/uncommon",
      "weight" : 1
    } ]
  }, {
    "name" : "common_items",
    "rolls" : {
      "min" : 0,
      "max" : 2
    },
    "entries" : [ {
      "type" : "minecraft:loot_table",
      "name" : "treasure2:pools/items/common",
      "weight" : 1
    } ]
  }, {
    "name" : "common_armor",
    "rolls" : {
      "min" : 0,
      "max" : 1
    },
    "entries" : [ {
      "type" : "minecraft:loot_table",
      "name" : "treasure2:pools/armor/common",
      "weight" : 1
    } ]
  }, {
    "name" : "common_food",
    "rolls" : {
      "min" : 0,
      "max" : 1
    },
    "entries" : [ {
      "type" : "minecraft:loot_table",
      "name" : "treasure2:pools/food/common",
      "weight" : 1
    } ]
  }, {
    "name" : "common_tools",
    "rolls" : {
      "min" : 0,
      "max" : 1
    },
    "entries" : [ {
      "type" : "minecraft:loot_table",
      "name" : "treasure2:pools/tools/common",
      "weight" : 1
    } ]
  }, {
    "name" : "common_potions",
    "rolls" : {
      "min" : 0,
      "max" : 1
    },
    "entries" : [ {
      "type" : "loot_table",
      "name" : "treasure2:pools/potions/common",
      "weight" : 1
    } ]
  } ]
}