{
  "version" : "1.0.0",
  "since" : "mc1.18.2-v2.5.0",
  "category" : "general",
  "rarity" : "common",
  "type" : "minecraft:chest",
  "pools" : [ {
    "name" : "treasure",
    "rolls" : 2,
    "entries" : [ {
      "type" : "minecraft:loot_table",
      "name" : "treasure2:pools/treasure/common_treasure",
      "weight" : 1
    } ]
  }, {
    "name" : "items",
    "rolls" : {
      "min" : 1,
      "max" : 5
    },
    "entries" : [ {
      "type" : "minecraft:loot_table",
      "name" : "treasure2:pools/items/common",
      "weight" : 1
    } ]
  }, {
    "name" : "armor",
    "rolls" : {
      "min" : 1,
      "max" : 2
    },
    "entries" : [ {
      "type" : "minecraft:loot_table",
      "name" : "treasure2:pools/armor/common",
      "weight" : 1
    } ]
  }, {
    "name" : "food",
    "rolls" : {
      "min" : 1,
      "max" : 3
    },
    "entries" : [ {
      "type" : "minecraft:loot_table",
      "name" : "treasure2:pools/food/common",
      "weight" : 1
    } ]
  }, {
    "name" : "tools",
    "rolls" : {
      "min" : 1,
      "max" : 2
    },
    "entries" : [ {
      "type" : "minecraft:loot_table",
      "name" : "treasure2:pools/tools/common",
      "weight" : 1
    } ]
  } ]
}