{
  "version" : "2.0.0",
  "type" : "minecraft:chest",
  "pools" : [ {
    "name" : "common_tools",
    "rolls" : 1,
    "entries" : [ {
      "entryName" : "stone_pickaxe",
      "type" : "minecraft:item",
      "name" : "minecraft:stone_pickaxe",
      "weight" : 25
    }, {
      "entryName" : "stone_axe",
      "type" : "minecraft:item",
      "name" : "minecraft:stone_axe",
      "weight" : 25
    }, {
      "entryName" : "golden_sword",
      "type" : "minecraft:item",
      "name" : "minecraft:golden_sword",
      "weight" : 15
    }, {
      "entryName" : "golden_pickaxe",
      "type" : "minecraft:item",
      "name" : "minecraft:golden_pickaxe",
      "weight" : 15
    }, {
      "entryName" : "golden_axe",
      "type" : "minecraft:item",
      "name" : "minecraft:golden_axe",
      "weight" : 15
    } ]
  } ]
}