{
  "version" : "2.0.0",
  "type" : "minecraft:chest",
  "pools" : [ {
    "name" : "rare_tools",
    "rolls" : 1,
    "entries" : [ {
      "entryName" : "iron_sword",
      "type" : "minecraft:item",
      "name" : "minecraft:iron_sword",
      "weight" : 35,
      "functions" : [ {
        "function" : "minecraft:enchant_with_levels",
        "levels" : 30,
        "treasure" : true
      }, {
        "function" : "minecraft:enchant_randomly"
      } ]
    }, {
      "entryName" : "diamond_sword",
      "type" : "minecraft:item",
      "name" : "minecraft:diamond_sword",
      "weight" : 50,
      "functions" : [ {
        "function" : "minecraft:enchant_randomly"
      } ]
    }, {
      "entryName" : "diamond_pickaxe",
      "type" : "minecraft:item",
      "name" : "minecraft:diamond_pickaxe",
      "weight" : 50,
      "functions" : [ {
        "function" : "minecraft:enchant_randomly"
      } ]
    }, {
      "entryName" : "diamond_axe",
      "type" : "minecraft:item",
      "name" : "minecraft:diamond_axe",
      "weight" : 50,
      "functions" : [ {
        "function" : "minecraft:enchant_randomly"
      } ]
    }, {
      "entryName" : "netherite_pickaxe",
      "type" : "minecraft:item",
      "name" : "minecraft:netherite_pickaxe",
      "weight" : 15
    }, {
      "entryName" : "netherite_axe",
      "type" : "minecraft:item",
      "name" : "minecraft:netherite_axe",
      "weight" : 15
    }, {
      "entryName" : "netherite_shovel",
      "type" : "minecraft:item",
      "name" : "minecraft:netherite_shovel",
      "weight" : 15
    } ]
  } ]
}