{
  "type": "minecraft:block",
  "pools": [
    {
      "name": "wither_branch",
      "rolls": 1,
      "entries": [
        {
          "type": "minecraft:item",
          "name": "minecraft:stick",
          "weight": 75
        },
        {
          "type": "minecraft:item",
          "name": "treasure2:wither_stick_item",
          "weight": 25
        }
      ],
      "conditions": [
        {
          "condition": "minecraft:survives_explosion"
        }
      ]
    }
  ]
}
