{
	"version": "1.0",
	"type": "minecraft:chest",
	"pools": [
		{
			"name": "rare_food",
			"rolls": 1,
			"entries": [
				{
					"entryName": "rabbit_foot",
					"type": "minecraft:item",
					"name": "minecraft:rabbit_foot",
					"weight": 25
				},
				{
					"entryName": "potato",
					"type": "minecraft:item",
					"name": "minecraft:potato",
					"weight": 35,
					"functions": [
						{
							"function": "minecraft:set_count",
							"count": {
								"min": 1,
								"max": 3
							}
						}
					]
				},
				{
					"entryName": "glistering_melon_slice",
					"type": "minecraft:item",
					"name": "minecraft:glistering_melon_slice",
					"weight": 15
				},
				{
					"entryName": "beetroot",
					"type": "minecraft:item",
					"name": "minecraft:beetroot",
					"weight": 50,
					"functions": [
						{
							"function": "minecraft:set_count",
							"count": {
								"min": 1,
								"max": 5
							}
						}
					]
				},
				{
					"entryName": "beetroot_seed",
					"type": "minecraft:item",
					"name": "minecraft:beetroot_seeds",
					"weight": 50,
					"functions": [
						{
							"function": "minecraft:set_count",
							"count": {
								"min": 1,
								"max": 3
							}
						}
					]
				}
			]
		}
	]
}
