{
  "version" : "2.0.0",
  "since" : "mc1.18.2-v.3.0.0",
  "type" : "minecraft:chest",
  "pools" : [ {
    "name" : "common_items",
    "rolls" : 1,
    "entries" : [ {
      "entryName" : "wool",
      "type" : "minecraft:item",
      "name" : "minecraft:white_wool",
      "weight" : 25,
      "functions" : [ {
        "function" : "minecraft:set_count",
        "count" : {
          "min" : 1,
          "max" : 3
        }
      } ]
    }, {
      "entryName" : "torch",
      "type" : "minecraft:item",
      "name" : "minecraft:torch",
      "weight" : 50,
      "functions" : [ {
        "function" : "minecraft:set_count",
        "count" : {
          "min" : 1,
          "max" : 5
        }
      } ]
    }, {
      "entryName" : "leather",
      "type" : "minecraft:item",
      "name" : "minecraft:leather",
      "weight" : 20,
      "functions" : [ {
        "function" : "minecraft:set_count",
        "count" : {
          "min" : 1,
          "max" : 3
        }
      } ]
    }, {
      "entryName" : "rabbit_hide",
      "type" : "minecraft:item",
      "name" : "minecraft:rabbit_hide",
      "weight" : 20,
      "functions" : [ {
        "function" : "minecraft:set_count",
        "count" : {
          "min" : 1,
          "max" : 3
        }
      } ]
    }, {
      "entryName" : "gold_nugget",
      "type" : "minecraft:item",
      "name" : "minecraft:gold_nugget",
      "weight" : 20,
      "functions" : [ {
        "function" : "minecraft:set_count",
        "count" : {
          "min" : 1,
          "max" : 3
        }
      } ]
    }, {
      "entryName" : "iron_ingot",
      "type" : "minecraft:item",
      "name" : "minecraft:iron_ingot",
      "weight" : 30,
      "functions" : [ {
        "function" : "minecraft:set_count",
        "count" : {
          "min" : 1,
          "max" : 5
        }
      } ]
    }, {
      "entryName" : "arrow",
      "type" : "minecraft:item",
      "name" : "minecraft:arrow",
      "weight" : 50,
      "functions" : [ {
        "function" : "minecraft:set_count",
        "count" : {
          "min" : 5,
          "max" : 10
        }
      } ]
    }, {
      "entryName" : "bone",
      "type" : "minecraft:item",
      "name" : "minecraft:bone",
      "weight" : 50,
      "functions" : [ {
        "function" : "minecraft:set_count",
        "count" : {
          "min" : 1,
          "max" : 3
        }
      } ]
    }, {
      "entryName" : "spider_eye",
      "type" : "minecraft:item",
      "name" : "minecraft:spider_eye",
      "weight" : 35,
      "functions" : [ {
        "function" : "minecraft:set_count",
        "count" : {
          "min" : 1,
          "max" : 3
        }
      } ]
    }, {
      "entryName" : "rotten_flesh",
      "type" : "minecraft:item",
      "name" : "minecraft:rotten_flesh",
      "weight" : 50
    }, {
      "entryName" : "string",
      "type" : "minecraft:item",
      "name" : "minecraft:string",
      "weight" : 50,
      "functions" : [ {
        "function" : "minecraft:set_count",
        "count" : {
          "min" : 1,
          "max" : 3
        }
      } ]
    }, {
      "entryName" : "campfire",
      "type" : "minecraft:item",
      "name" : "minecraft:campfire",
      "weight" : 25,
      "functions" : [ {
        "function" : "minecraft:set_count",
        "count" : {
          "min" : 1,
          "max" : 2
        }
      } ]
    }, {
      "entryName" : "lantern",
      "type" : "minecraft:item",
      "name" : "minecraft:lantern",
      "weight" : 15,
      "functions" : [ {
        "function" : "minecraft:set_count",
        "count" : 1
      } ]
    }, {
      "entryName" : "clay_ball",
      "type" : "minecraft:item",
      "name" : "minecraft:clay_ball",
      "weight" : 10,
      "functions" : [ {
        "function" : "set_count",
        "count" : {
          "min" : 1,
          "max" : 2
        }
      } ]
    }, {
      "entryName" : "brick",
      "type" : "minecraft:item",
      "name" : "minecraft:brick",
      "weight" : 10,
      "functions" : [ {
        "function" : "set_count",
        "count" : {
          "min" : 1,
          "max" : 2
        }
      } ]
    } ]
  }, {
    "name" : "common_supplies",
    "rolls" : 1,
    "entries" : [ {
      "entryName" : "oak_logs",
      "type" : "minecraft:item",
      "name" : "minecraft:oak_log",
      "weight" : 20,
      "functions" : [ {
        "function" : "minecraft:set_count",
        "count" : 5
      } ]
    }, {
      "entryName" : "birch_logs",
      "type" : "minecraft:item",
      "name" : "minecraft:oak_log",
      "weight" : 20,
      "functions" : [ {
        "function" : "minecraft:set_count",
        "count" : 5
      } ]
    }, {
      "entryName" : "coal",
      "type" : "minecraft:item",
      "name" : "minecraft:coal",
      "weight" : 10,
      "functions" : [ {
        "function" : "minecraft:set_count",
        "count" : 5
      } ]
    }, {
      "entryName" : "raw_iron",
      "type" : "minecraft:item",
      "name" : "minecraft:raw_iron",
      "weight" : 10,
      "functions" : [ {
        "function" : "minecraft:set_count",
        "count" : {
          "min" : 5,
          "max" : 15
        }
      } ]
    }, {
      "entryName" : "raw_copper",
      "type" : "minecraft:item",
      "name" : "minecraft:raw_copper",
      "weight" : 10,
      "functions" : [ {
        "function" : "minecraft:set_count",
        "count" : {
          "min" : 5,
          "max" : 15
        }
      } ]
    }, {
      "entryName" : "oak_planks",
      "type" : "minecraft:item",
      "name" : "minecraft:oak_planks",
      "weight" : 10,
      "functions" : [ {
        "function" : "minecraft:set_count",
        "count" : 5
      } ]
    }, {
      "entryName" : "cobblestone",
      "type" : "minecraft:item",
      "name" : "minecraft:cobblestone",
      "weight" : 20,
      "functions" : [ {
        "function" : "minecraft:set_count",
        "count" : 5
      } ]
    } ]
  } ]
}