{
  "version" : "1.0",
  "pools" : [ {
    "name" : "epic_items",
    "rolls" : 1,
    "entries" : [ {
      "entryName" : "shulker_box",
      "type" : "minecraft:item",
      "name" : "minecraft:black_shulker_box",
      "weight" : 15
    }, {
      "entryName" : "shulker_shell",
      "type" : "minecraft:item",
      "name" : "minecraft:shulker_shell",
      "weight" : 20
    }, {
      "entryName" : "dragon_breath",
      "type" : "minecraft:item",
      "name" : "minecraft:dragon_breath",
      "weight" : 15
    }, {
      "entryName" : "elytra",
      "type" : "minecraft:item",
      "name" : "minecraft:elytra",
      "weight" : 10
    }, {
      "entryName" : "totem_of_undying",
      "type" : "minecraft:item",
      "name" : "minecraft:totem_of_undying",
      "weight" : 10
    }, {
      "entryName" : "experience_bottle",
      "type" : "minecraft:item",
      "name" : "minecraft:experience_bottle",
      "weight" : 50,
      "functions" : [ {
        "function" : "set_count",
        "count" : {
          "min" : 1,
          "max" : 3
        }
      } ]
    }, {
      "entryName" : "emerald",
      "type" : "minecraft:item",
      "name" : "minecraft:emerald",
      "weight" : 50,
      "functions" : [ {
        "function" : "set_count",
        "count" : {
          "min" : 1,
          "max" : 3
        }
      } ]
    }, {
      "entryName" : "end_crystal",
      "type" : "minecraft:item",
      "name" : "minecraft:end_crystal",
      "weight" : 25,
      "functions" : [ {
        "function" : "set_count",
        "count" : {
          "min" : 1,
          "max" : 2
        }
      } ]
    }, {
      "entryName" : "popped_chorus_fruit",
      "type" : "minecraft:item",
      "name" : "minecraft:popped_chorus_fruit",
      "weight" : 25,
      "functions" : [ {
        "function" : "set_count",
        "count" : {
          "min" : 1,
          "max" : 3
        }
      } ]
    }, {
      "entryName" : "skeleton_head",
      "type" : "minecraft:item",
      "name" : "minecraft:skeleton_skull",
      "weight" : 5
    }, {
      "entryName" : "zombie_head",
      "type" : "minecraft:item",
      "name" : "minecraft:zombie_head",
      "weight" : 5
    }, {
      "entryName" : "creeper_head",
      "type" : "minecraft:item",
      "name" : "minecraft:creeper_head",
      "weight" : 5
    }, {
      "entryName" : "conduit",
      "type" : "minecraft:item",
      "name" : "minecraft:conduit",
      "weight" : 10
    }, {
      "entryName" : "netherite_ingot",
      "type" : "minecraft:item",
      "name" : "minecraft:netherite_ingot",
      "weight" : 20,
      "functions" : [ {
        "function" : "set_count",
        "count" : {
          "min" : 5,
          "max" : 10
        }
      } ]
    }, {
      "entryName" : "music_disc_pigstep",
      "type" : "minecraft:item",
      "name" : "minecraft:conduit",
      "weight" : 1
    }, {
      "entryName" : "music_disc_11",
      "type" : "minecraft:item",
      "name" : "minecraft:conduit",
      "weight" : 1
    } ]
  } ]
}