{
  "version" : "2.0.0",
  "since" : "mc1.18.2-v.3.0.0",
  "pools" : [ {
    "name" : "scarce_items",
    "rolls" : 1,
    "entries" : [ {
      "entryName" : "arrow",
      "type" : "item",
      "name" : "minecraft:arrow",
      "weight" : 50,
      "functions" : [ {
        "function" : "set_count",
        "count" : {
          "min" : 10,
          "max" : 20
        }
      } ]
    }, {
      "entryName" : "tnt",
      "type" : "item",
      "name" : "minecraft:tnt",
      "weight" : 35,
      "functions" : [ {
        "function" : "set_count",
        "count" : {
          "min" : 1,
          "max" : 2
        }
      } ]
    }, {
      "entryName" : "blaze_powder",
      "type" : "item",
      "name" : "minecraft:blaze_powder",
      "weight" : 25,
      "functions" : [ {
        "function" : "set_count",
        "count" : {
          "min" : 1,
          "max" : 4
        }
      } ]
    }, {
      "entryName" : "diamond",
      "type" : "item",
      "name" : "minecraft:diamond",
      "weight" : 15,
      "functions" : [ {
        "function" : "set_count",
        "count" : {
          "min" : 1,
          "max" : 2
        }
      } ]
    }, {
      "entryName" : "iron_ingot",
      "type" : "item",
      "name" : "minecraft:iron_ingot",
      "weight" : 20,
      "functions" : [ {
        "function" : "set_count",
        "count" : {
          "min" : 8,
          "max" : 12
        }
      } ]
    }, {
      "entryName" : "iron_block",
      "type" : "item",
      "name" : "minecraft:iron_block",
      "weight" : 15,
      "functions" : [ {
        "function" : "set_count",
        "count" : {
          "min" : 1,
          "max" : 2
        }
      } ]
    }, {
      "entryName" : "ender_pearl",
      "type" : "item",
      "name" : "minecraft:ender_pearl",
      "weight" : 15
    }, {
      "entryName" : "gunpowder",
      "type" : "item",
      "name" : "minecraft:gunpowder",
      "weight" : 20
    }, {
      "entryName" : "slow_falling_tipped_arrow",
      "type" : "minecraft:item",
      "name" : "minecraft:tipped_arrow",
      "weight" : 15,
      "functions" : [ {
        "function" : "minecraft:set_count",
        "count" : {
          "min" : 2,
          "max" : 5,
          "type" : "minecraft:uniform"
        }
      }, {
        "function" : "minecraft:set_nbt",
        "tag" : "{Potion:\"minecraft:slow_falling\"}"
      } ]
    }, {
      "entryName" : "bell",
      "type" : "item",
      "name" : "minecraft:bell",
      "weight" : 15
    }, {
      "entryName" : "glow_ink_sac",
      "type" : "item",
      "name" : "minecraft:glow_ink_sac",
      "weight" : 15
    }, {
      "entryName" : "honeycomb",
      "type" : "item",
      "name" : "minecraft:honeycomb",
      "weight" : 15
    }, {
      "entryName" : "candle",
      "type" : "item",
      "name" : "minecraft:candle",
      "weight" : 15,
      "count" : {
        "min" : 1,
        "max" : 3
      }
    }, {
      "entryName" : "netherite_scrap",
      "type" : "minecraft:item",
      "name" : "minecraft:netherite_scrap",
      "weight" : 15,
      "functions" : [ {
        "function" : "set_count",
        "count" : {
          "min" : 3,
          "max" : 6
        }
      } ]
    }, {
      "entryName" : "ancient_debris",
      "type" : "minecraft:item",
      "name" : "minecraft:ancient_debris",
      "weight" : 20,
      "functions" : [ {
        "function" : "set_count",
        "count" : {
          "min" : 1,
          "max" : 2
        }
      } ]
    } ]
  }, {
    "name" : "common_supplies",
    "rolls" : 1,
    "entries" : [ {
      "entryName" : "dark_oak_logs",
      "type" : "minecraft:item",
      "name" : "minecraft:dark_oak_log",
      "weight" : 20,
      "functions" : [ {
        "function" : "minecraft:set_count",
        "count" : 5
      } ]
    }, {
      "entryName" : "raw_gold",
      "type" : "minecraft:item",
      "name" : "minecraft:raw_gold",
      "weight" : 10,
      "functions" : [ {
        "function" : "minecraft:set_count",
        "count" : 5
      } ]
    }, {
      "entryName" : "raw_iron",
      "type" : "minecraft:item",
      "name" : "minecraft:raw_iron",
      "weight" : 10,
      "functions" : [ {
        "function" : "minecraft:set_count",
        "count" : 5
      } ]
    }, {
      "entryName" : "dark_oak_planks",
      "type" : "minecraft:item",
      "name" : "minecraft:dark_oak_planks",
      "weight" : 10,
      "functions" : [ {
        "function" : "minecraft:set_count",
        "count" : 5
      } ]
    }, {
      "entryName" : "mossy_stone_bricks",
      "type" : "minecraft:item",
      "name" : "minecraft:mossy_stone_bricks",
      "weight" : 20,
      "functions" : [ {
        "function" : "minecraft:set_count",
        "count" : 5
      } ]
    } ]
  } ]
}