{
  "version" : "3.0.0",
  "since" : "mc1.18.2-v2.5.0",
  "category" : "general",
  "rarity" : "epic",
  "type" : "minecraft:chest",
  "pools" : [ {
    "name" : "treasure",
    "rolls" : {
      "min" : 2,
      "max" : 3
    },
    "entries" : [ {
      "type" : "minecraft:loot_table",
      "name" : "treasure2:pools/treasure/epic_treasure",
      "weight" : 1
    } ]
  }, {
    "name" : "charms",
    "rolls" : 1,
    "entries" : [ {
      "type" : "loot_table",
      "name" : "treasure2:pools/treasure/epic_charms",
      "weight" : 1
    } ]
  }, {
    "name" : "items",
    "rolls" : {
      "min" : 2,
      "max" : 4
    },
    "entries" : [ {
      "type" : "minecraft:loot_table",
      "name" : "treasure2:pools/items/epic",
      "weight" : 1
    } ]
  }, {
    "name" : "bones",
    "rolls" : 1,
    "entries" : [ {
      "entryName" : "bone",
      "type" : "minecraft:item",
      "name" : "minecraft:bone",
      "functions" : [ {
        "function" : "minecraft:set_count",
        "count" : {
          "min" : 0,
          "max" : 25
        }
      } ],
      "weight" : 20
    } ]
  }, {
    "name" : "brewing",
    "rolls" : {
      "min" : 1,
      "max" : 3
    },
    "entries" : [ {
      "entryName" : "fermented_spider_eye",
      "type" : "minecraft:item",
      "name" : "minecraft:fermented_spider_eye",
      "weight" : 20
    }, {
      "entryName" : "nether_wart",
      "type" : "minecraft:item",
      "name" : "minecraft:nether_wart",
      "weight" : 20
    }, {
      "entryName" : "spider_eye",
      "type" : "minecraft:item",
      "name" : "minecraft:spider_eye",
      "weight" : 20
    }, {
      "entryName" : "gunpowder",
      "type" : "minecraft:item",
      "name" : "minecraft:gunpowder",
      "weight" : 20
    }, {
      "entryName" : "pufferfish",
      "type" : "minecraft:item",
      "name" : "minecraft:pufferfish",
      "weight" : 20
    }, {
      "entryName" : "ghast_tear",
      "type" : "minecraft:item",
      "name" : "minecraft:ghast_tear",
      "weight" : 20
    }, {
      "entryName" : "rabbit_foot",
      "type" : "minecraft:item",
      "name" : "minecraft:rabbit_foot",
      "weight" : 20
    } ]
  }, {
    "name" : "books",
    "rolls" : {
      "min" : 1,
      "max" : 3
    },
    "entries" : [ {
      "entryName" : "book",
      "type" : "minecraft:item",
      "name" : "minecraft:book",
      "weight" : 20
    }, {
      "entryName" : "enchanted_book",
      "type" : "minecraft:item",
      "name" : "minecraft:book",
      "weight" : 10,
      "functions" : [ {
        "function" : "minecraft:enchant_with_levels",
        "levels" : 30,
        "treasure" : true
      } ]
    } ]
  }, {
    "name" : "crafting",
    "rolls" : 1,
    "entries" : [ {
      "entryName" : "table",
      "type" : "minecraft:item",
      "name" : "minecraft:enchanting_table",
      "weight" : 1,
      "conditions" : [ {
        "condition" : "random_chance",
        "chance" : 0.2
      } ]
    } ]
  }, {
    "name" : "common_potions",
    "rolls" : {
      "min" : 0,
      "max" : 3
    },
    "entries" : [ {
      "type" : "minecraft:loot_table",
      "name" : "treasure2:pools/potions/common",
      "weight" : 30
    } ]
  }, {
    "name" : "uncommon_potions",
    "rolls" : {
      "min" : 1,
      "max" : 3
    },
    "entries" : [ {
      "type" : "minecraft:loot_table",
      "name" : "treasure2:pools/potions/uncommon",
      "weight" : 40
    } ]
  }, {
    "name" : "scarce_potions",
    "rolls" : {
      "min" : 3,
      "max" : 5
    },
    "entries" : [ {
      "type" : "minecraft:loot_table",
      "name" : "treasure2:pools/potions/scarce",
      "weight" : 50
    } ]
  }, {
    "name" : "rare_potions",
    "rolls" : {
      "min" : 0,
      "max" : 3
    },
    "entries" : [ {
      "type" : "minecraft:loot_table",
      "name" : "treasure2:pools/potions/rare",
      "weight" : 30
    } ]
  }, {
    "name" : "rare_items",
    "rolls" : {
      "min" : 0,
      "max" : 5
    },
    "entries" : [ {
      "type" : "minecraft:loot_table",
      "name" : "treasure2:pools/items/rare",
      "weight" : 1
    } ]
  } ]
}