{
	"version": "1.0",
	"type": "minecraft:chest",
	"pools": [
		{
			"name": "epic_tools",
			"rolls": 1,
			"entries": [
				{
					"entryName": "iron_sword",
					"type": "minecraft:item",
					"name": "minecraft:iron_sword",
					"weight": 35	,
					"functions": [
						{
							"function": "minecraft:enchant_with_levels",
							"levels": 30,
							"treasure": true
						},
						{
							"function": "minecraft:enchant_with_levels",
							"levels": 20,
							"treasure": true
						},
						{
							"function": "minecraft:enchant_randomly"
						}
					]
				},
				{
					"entryName": "diamond_sword",
					"type": "minecraft:item",
					"name": "minecraft:diamond_sword",
					"weight": 50,
					"functions": [
						{
							"function": "minecraft:enchant_with_levels",
							"levels": 30,
							"treasure": true
						},
						{
							"function": "minecraft:enchant_randomly"
						}
					]
				},
				{
					"entryName": "trident",
					"type": "minecraft:item",
					"name": "minecraft:trident",
					"weight": 15,
					"functions": [
						{
							"function": "minecraft:enchant_randomly"
						}
					]
				},
				{
					"entryName": "netherite_sword",
					"type": "minecraft:item",
					"name": "minecraft:netherite_sword",
					"weight": 10
				}				
			]
		}
	]
}
