{
	"version": "1.0",
	"type": "minecraft:chest",
	"pools": [
		{
			"name": "scarce_tools",
			"rolls": 1,
			"entries": [
				{
					"entryName": "iron_sword",
					"type": "minecraft:item",
					"name": "minecraft:iron_sword",
					"weight": 25,
					"functions": [
						{
							"function": "minecraft:enchant_randomly"
						}
					]
				},
				{
					"entryName": "bow",
					"type": "minecraft:item",
					"name": "minecraft:bow",
					"weight": 20,
					"functions": [
						{
							"function": "minecraft:enchant_randomly"
						}
					]
				},
				{
					"entryName": "iron_pickaxe",
					"type": "minecraft:item",
					"name": "minecraft:iron_pickaxe",
					"weight": 13,
					"functions": [
						{
							"function": "minecraft:enchant_randomly"
						}
					]
				},
				{
					"entryName": "iron_axe",
					"type": "minecraft:item",
					"name": "minecraft:iron_axe",
					"weight": 25,
					"functions": [
						{
							"function": "minecraft:enchant_randomly"
						}
					]
				},
				{
					"entryName": "diamond_sword",
					"type": "minecraft:item",
					"name": "minecraft:diamond_sword",
					"weight": 10
				},
				{
					"entryName": "diamond_pickaxe",
					"type": "minecraft:item",
					"name": "minecraft:diamond_pickaxe",
					"weight": 15
				}
			]
		}
	]
}
