{
	"version": "3.0",
	"since": "mc1.16.5-v2.1.0",
	"pools": [{
			"name": "common_treasure",
			"rolls": 2,
			"bonus_rolls": 1.0,
			"entries": [{
				"type": "loot_table",
				"name": "treasure2:pools/treasure/common_treasure",
				"weight": 1
			}]
		},
		{
			"name": "uncommon_charms",
			"rolls": 1,
			"entries": [{
				"type": "loot_table",
				"name": "treasure2:pools/treasure/uncommon_charms",
				"weight": 1,
				"conditions": [
					{
						"condition": "random_chance",
						"chance": 0.1
					}
				]
			}]
		},
		{
			"name": "common_charms",
			"rolls": 1,
			"entries": [{
				"type": "loot_table",
				"name": "treasure2:pools/treasure/common_charms",
				"weight": 1
			}]
		},
		{
			"name": "common_adornments",
			"rolls": 1,
			"entries": [{
				"type": "loot_table",
				"name": "treasure2:pools/treasure/common_adornments",
				"weight": 1
			}]
		}
	]
}