{
	"version": "3.0",
	"since": "mc1.16.5-v2.1.0",
	"pools": [{
			"name": "legendary_adornments",
			"rolls": 1,
			"entries": [{
					"entryName": "adornment0",
					"type": "item",
					"name": "treasure2:great_blood_ring",
					"weight": 3,
					"functions": [{
							"function": "treasure2:random_adornment",
							"rarity": "legendary",
							"materials": ["treasure2:silver", "treasure2:gold", "treasure2:blood", "treasure2:black"],
							"hasGem": true
						},
						{
							"function": "treasure2:charm_randomly",
							"rarity": "legendary"
						}
					]
				},
				{
					"entryName": "bracelet_of_wonder",
					"type": "item",
					"name": "treasure2:bracelet_of_wonder",
					"weight": 1
				},
				{
					"entryName": "gottschs_ring_of_moon",
					"type": "item",
					"name": "treasure2:gottschs_ring_of_moon",
					"weight": 1
				},
								{
					"entryName": "gottschs_amulet_of_heavens",
					"type": "item",
					"name": "treasure2:gottschs_amulet_of_heavens",
					"weight": 1
				}
			]
		}	
	]
}
