{
  "version" : "3.1",
  "since" : "mc1.16.5-v2.3.0",
  "pools" : [ {
    "name" : "legendary_treasure",
    "rolls" : {
      "min" : 2,
      "max" : 3
    },
    "entries" : [ {
      "type" : "loot_table",
      "name" : "treasure2:pools/treasure/epic_treasure",
      "weight" : 1
    } ]
  }, {
    "name" : "legendary_charms",
    "rolls" : 1,
    "entries" : [ {
      "type" : "loot_table",
      "name" : "treasure2:pools/treasure/legendary_charms",
      "weight" : 1
    } ]
  }, {
    "name" : "legendary_adornments",
    "rolls" : 1,
    "entries" : [ {
      "type" : "loot_table",
      "name" : "treasure2:pools/treasure/legendary_adornments",
      "weight" : 1
    } ]
  }, {
    "name" : "epic_charms",
    "rolls" : 1,
    "entries" : [ {
      "type" : "loot_table",
      "name" : "treasure2:pools/treasure/epic_charms",
      "weight" : 1,
      "conditions" : [ {
        "condition" : "random_chance",
        "chance" : 0.4
      } ]
    } ]
  }, {
    "name" : "epic_adornments",
    "rolls" : 1,
    "entries" : [ {
      "type" : "loot_table",
      "name" : "treasure2:pools/treasure/epic_adornments",
      "weight" : 1,
      "conditions" : [ {
        "condition" : "random_chance",
        "chance" : 0.4
      } ]
    } ]
  }, {
    "name" : "rare_charms",
    "rolls" : 1,
    "entries" : [ {
      "type" : "loot_table",
      "name" : "treasure2:pools/treasure/rare_charms",
      "weight" : 1,
      "conditions" : [ {
        "condition" : "random_chance",
        "chance" : 0.2
      } ]
    } ]
  }, {
    "name" : "rare_adornments",
    "rolls" : 1,
    "entries" : [ {
      "type" : "loot_table",
      "name" : "treasure2:pools/treasure/rare_adornments",
      "weight" : 1,
      "conditions" : [ {
        "condition" : "random_chance",
        "chance" : 0.2
      } ]
    } ]
  } ]
}