{
	"version": "3.0",
	"since": "mc1.16.5-v2.1.0",
	"pools": [{
			"name": "mythical_charms",
			"rolls": 1,
			"entries": [{
					"entryName": "charm0",
					"type": "item",
					"name": "treasure2:sapphire_charm",
					"weight": 1,
					"functions": [{
						"function": "treasure2:random_charm",
						"rarity": "mythical",
						"defaultCharm": "treasure2:healing_25"
					}]
				},
				{
					"entryName": "charm1",
					"type": "item",
					"name": "treasure2:charm_book",
					"weight": 1,
					"functions": [{
						"function": "treasure2:random_charm",
						"isBook": true,
						"rarity": "mythical",
						"defaultCharm": "treasure2:healing_25"
					}]
				}
			]
		},
		{
			"name": "mythical_runestones",
			"rolls": 1,
			"entries": [{
				"entryName": "runestone0",
				"type": "item",
				"name": "treasure2:mana_runestone",
				"weight": 1,
				"functions": [{
					"function": "treasure2:random_runestone"
				}]
			}]
		}
	]
}