{
	"version": "3.0",
	"since": "mc1.16.5-v2.1.0",
	"pools": [{
		"name": "epic_adornments",
		"rolls": 1,
		"entries": [{
				"entryName": "adornment0",
				"type": "item",
				"name": "treasure2:great_gold_ring",
				"weight": 6,
				"functions": [{
					"function": "treasure2:random_adornment",
					"rarity": "rare",
					"materials": ["treasure2:copper", "treasure2:silver", "treasure2:gold"],
					"hasGem": true
				}]
			},
			{
				"entryName": "adornment1",
				"type": "item",
				"name": "treasure2:great_copper_ring",
				"weight": 3,
				"functions": [{
					"function": "treasure2:random_adornment",
					"rarity": "rare",
					"hasGem": false
				},
				{
					"function": "treasure2:charm_randomly",
					"rarity": "rare"
				}]
			},
			{
				"entryName": "angels_ring",
				"type": "item",
				"name": "treasure2:angels_ring",
				"weight": 1
			},
			{
				"entryName": "ring_of_fortitude",
				"type": "item",
				"name": "treasure2:ring_of_fortitude",
				"weight": 1
			}
		]
	}]
}