{
	"version": "3.0",
	"since": "mc1.16.5-v2.1.0",
	"pools": [{
		"name": "scarce_adornments",
		"rolls": 1,
		"entries": [{
				"entryName": "adornment0",
				"type": "item",
				"name": "treasure2:gold_ring",
				"weight": 5,
				"conditions": [{
					"condition": "random_chance",
					"chance": 0.75
				}],
				"functions": [{
					"function": "treasure2:random_adornment",
					"rarity": "scarce",
					"materials": ["iron", "copper", "silver", "gold"],
					"hasGem": true
				}]
			},
			{
				"entryName": "adornment1",
				"type": "item",
				"name": "treasure2:gold_ring",
				"weight": 5,
				"conditions": [{
					"condition": "random_chance",
					"chance": 0.75
				}],
				"functions": [{
					"function": "treasure2:random_adornment",
					"rarity": "scarce",
					"hasGem": false
				}]
			},
			{
				"entryName": "castle_ring",
				"type": "item",
				"name": "treasure2:castle_ring",
				"weight": 1,
				"conditions": [{
					"condition": "random_chance",
					"chance": 0.5
				}]
			}
		]
	}]
}