{
  "version" : "3.0",
  "since" : "mc1.16.5-v2.1.0",
  "pools" : [ {
    "name" : "uncommon_charms",
    "rolls" : 1,
    "entries" : [ {
      "entryName" : "charm0",
      "type" : "item",
      "name" : "treasure2:copper_charm",
      "weight" : 5,
      "conditions" : [ {
        "condition" : "random_chance",
        "chance" : 0.5
      } ],
      "functions" : [ {
        "function" : "treasure2:random_charm",
        "rarity" : "uncommon",
        "defaultCharm" : "treasure2:healing_5"
      } ]
    }, {
      "entryName" : "charm1",
      "type" : "item",
      "name" : "treasure2:charm_book",
      "weight" : 1,
      "conditions" : [ {
        "condition" : "random_chance",
        "chance" : 0.5
      } ],
      "functions" : [ {
        "function" : "treasure2:random_charm",
        "isBook" : true,
        "rarity" : "uncommon",
        "defaultCharm" : "treasure2:healing_5"
      } ]
    } ]
  }, {
    "name" : "uncommon_runestones",
    "rolls" : 1,
    "entries" : [ {
      "entryName" : "runestone0",
      "type" : "item",
      "name" : "treasure2:mana_runestone",
      "weight" : 1,
      "conditions" : [ {
        "condition" : "random_chance",
        "chance" : 0.02
      } ],
      "functions" : [ {
        "function" : "treasure2:random_runestone"
      } ]
    } ]
  } ]
}