{
	"version": "3.0",
	"since": "mc1.16.5-v2.1.0",
	"pools": [{
		"name": "uncommon_adornments",
		"rolls": 1,
		"entries": [{
				"entryName": "adornment0",
				"type": "item",
				"name": "treasure2:copper_ring",
				"weight": 5,
				"conditions": [{
					"condition": "random_chance",
					"chance": 0.5
				}],
				"functions": [{
					"function": "treasure2:random_adornment",
					"rarity": "uncommon",
					"materials": ["iron", "copper"],
					"hasGem": true
				}]
			},
			{
				"entryName": "adornment1",
				"type": "item",
				"name": "treasure2:silver_ring",
				"weight": 10,
				"conditions": [{
					"condition": "random_chance",
					"chance": 0.5
				}],
				"functions": [{
					"function": "treasure2:random_adornment",
					"rarity": "uncommon",
					"hasGem": false
				}]
			},
			{
				"entryName": "peasants_fortune",
				"type": "item",
				"name": "treasure2:peasants_fortune",
				"weight": 1,
				"conditions": [{
					"condition": "random_chance",
					"chance": 0.25
				}]
			}
		]
	}]
}