{
  "type": "minecraft:block",
  "pools": [
    {
      "name": "skull_and_crossbones",
      "rolls": 1,
      "entries": [
        {
          "type": "minecraft:item",
          "name": "minecraft:bone",
          "weight": 75
        },
        {
          "type": "minecraft:item",
          "name": "treasure2:skull_and_crossbones",
          "weight": 20
        },
        {
          "type": "minecraft:item",
          "name": "minecraft:skeleton_skull",
          "weight": 5
        }
      ],
      "conditions": [
        {
          "condition": "minecraft:survives_explosion"
        }
      ]
    }
  ]
}
