{
	"version": "1.0",
	"type": "minecraft:chest",
	"pools": [
		{
			"name": "common_food",
			"rolls": 1,
			"entries": [
				{
					"entryName": "apple",
					"type": "minecraft:item",
					"name": "minecraft:apple",
					"weight": 80,
					"functions": [
						{
							"function": "minecraft:set_count",
							"count": {
								"min": 1,
								"max": 5
							}
						}
					]
				},
				{
					"entryName": "wheat",
					"type": "minecraft:item",
					"name": "minecraft:wheat",
					"weight": 80,
					"functions": [
						{
							"function": "minecraft:set_count",
							"count": {
								"min": 2,
								"max": 5
							}
						}
					]
				},
				{
					"entryName": "wheat_seeds",
					"type": "minecraft:item",
					"name": "minecraft:wheat_seeds",
					"weight": 80,
					"functions": [
						{
							"function": "minecraft:set_count",
							"count": {
								"min": 3,
								"max": 5
							}
						}
					]
				},
				{
					"entryName": "brown_mushroom",
					"type": "minecraft:item",
					"name": "minecraft:brown_mushroom",
					"weight": 80,
					"functions": [
						{
							"function": "minecraft:set_count",
							"count": {
								"min": 1,
								"max": 5
							}
						}
					]
				},
				{
					"entryName": "red_mushroom",
					"type": "minecraft:item",
					"name": "minecraft:red_mushroom",
					"weight": 80,
					"functions": [
						{
							"function": "minecraft:set_count",
							"count": {
								"min": 1,
								"max": 5
							}
						}
					]
				},
				{
					"entryName": "porkchop",
					"type": "minecraft:item",
					"name": "minecraft:porkchop",
					"weight": 25,
					"functions": [
						{
							"function": "minecraft:set_count",
							"count": {
								"min": 1,
								"max": 2
							}
						}
					]
				},
				{
					"entryName": "rabbit",
					"type": "minecraft:item",
					"name": "minecraft:rabbit",
					"weight": 25,
					"functions": [
						{
							"function": "minecraft:set_count",
							"count": {
								"min": 1,
								"max": 2
							}
						}
					]
				},
				{
					"entryName": "egg",
					"type": "minecraft:item",
					"name": "minecraft:egg",
					"weight": 80,
					"functions": [
						{
							"function": "minecraft:set_count",
							"count": {
								"min": 1,
								"max": 3
							}
						}
					]
				},
				{
					"entryName": "chicken",
					"type": "minecraft:item",
					"name": "minecraft:chicken",
					"weight": 25,
					"functions": [
						{
							"function": "minecraft:set_count",
							"count": {
								"min": 1,
								"max": 2
							}
						}
					]
				},
				{
					"entryName": "fish",
					"type": "minecraft:item",
					"name": "minecraft:cod",
					"weight": 35,
					"functions": [
						{
							"function": "minecraft:set_count",
							"count": {
								"min": 1,
								"max": 5
							}
						}
					]
				},
				{
					"entryName": "cooked_cod",
					"type": "minecraft:item",
					"name": "minecraft:cooked_cod",
					"weight": 30,
					"functions": [
						{
							"function": "minecraft:set_count",
							"count": {
								"min": 1,
								"max": 3
							}
						}
					]
				},
				{
					"entryName": "beef",
					"type": "minecraft:item",
					"name": "minecraft:beef",
					"weight": 25,
					"functions": [
						{
							"function": "minecraft:set_count",
							"count": {
								"min": 1,
								"max": 3
							}
						}
					]
				},
				{
					"entryName": "pumpkin",
					"type": "minecraft:item",
					"name": "minecraft:pumpkin",
					"weight": 15
				},
				{
					"entryName": "pumpkin_seeds",
					"type": "minecraft:item",
					"name": "minecraft:pumpkin_seeds",
					"weight": 50,
					"functions": [
						{
							"function": "minecraft:set_count",
							"count": {
								"min": 1,
								"max": 2
							}
						}
					]
				},
				{
					"entryName": "melon",
					"type": "minecraft:item",
					"name": "minecraft:melon",
					"weight": 10
				},
				{
					"entryName": "melon_seeds",
					"type": "minecraft:item",
					"name": "minecraft:melon_seeds",
					"weight": 10,
					"functions": [
						{
							"function": "minecraft:set_count",
							"count": {
								"min": 1,
								"max": 5
							}
						}
					]
				},
				{
					"entryName": "mutton",
					"type": "minecraft:item",
					"name": "minecraft:mutton",
					"weight": 25,
					"functions": [
						{
							"function": "minecraft:set_count",
							"count": {
								"min": 1,
								"max": 5
							}
						}
					]
				}
			]
		}
	]
}
