{
  "version" : "1.0.0",
  "since" : "mc1.18.2-v2.5.0",
  "type" : "minecraft:chest",
  "pools" : [ {
    "name" : "common_weapons",
    "rolls" : 1,
    "entries" : [ {
      "entryName" : "copper_short_sword",
      "type" : "minecraft:item",
      "name" : "treasure2:copper_short_sword",
      "weight" : 50
    }, {
      "entryName" : "chipped_copper_short_sword",
      "type" : "minecraft:item",
      "name" : "treasure2:chipped_copper_short_sword",
      "weight" : 50
    }, {
      "entryName" : "iron_short_sword",
      "type" : "minecraft:item",
      "name" : "treasure2:iron_short_sword",
      "weight" : 25
    }, {
      "entryName" : "chipped_iron_short_sword",
      "type" : "minecraft:item",
      "name" : "treasure2:chipped_iron_short_sword",
      "weight" : 25
    } ]
  } ]
}