{
  "version" : "3.0",
  "since" : "mc1.16.5-v2.1.0",
  "category" : "general",
  "rarity" : "rare",
  "type" : "minecraft:chest",
  "pools" : [ {
    "name" : "treasure",
    "rolls" : 1,
    "entries" : [ {
      "type" : "minecraft:loot_table",
      "name" : "treasure2:pools/treasure/rare_all",
      "weight" : 1
    } ]
  }, {
    "name" : "items",
    "rolls" : {
      "min" : 2,
      "max" : 3
    },
    "entries" : [ {
      "type" : "minecraft:loot_table",
      "name" : "treasure2:pools/items/rare",
      "weight" : 1
    } ]
  }, {
    "name" : "armor",
    "rolls" : {
      "min" : 0,
      "max" : 2
    },
    "entries" : [ {
      "type" : "minecraft:loot_table",
      "name" : "treasure2:pools/armor/rare",
      "weight" : 1
    } ]
  }, {
    "name" : "food",
    "rolls" : {
      "min" : 0,
      "max" : 1
    },
    "entries" : [ {
      "type" : "minecraft:loot_table",
      "name" : "treasure2:pools/food/rare",
      "weight" : 1
    } ]
  }, {
    "name" : "tools",
    "rolls" : {
      "min" : 0,
      "max" : 2
    },
    "entries" : [ {
      "type" : "minecraft:loot_table",
      "name" : "treasure2:pools/tools/rare",
      "weight" : 1
    } ]
  }, {
    "name" : "potions",
    "rolls" : {
      "min" : 0,
      "max" : 1
    },
    "entries" : [ {
      "type" : "minecraft:loot_table",
      "name" : "treasure2:pools/potions/rare",
      "weight" : 1
    } ]
  }, {
    "name" : "scarce_items",
    "rolls" : {
      "min" : 0,
      "max" : 3
    },
    "entries" : [ {
      "type" : "minecraft:loot_table",
      "name" : "treasure2:pools/items/scarce",
      "weight" : 1
    } ]
  }, {
    "name" : "scarce_armor",
    "rolls" : {
      "min" : 0,
      "max" : 2
    },
    "entries" : [ {
      "type" : "minecraft:loot_table",
      "name" : "treasure2:pools/armor/scarce",
      "weight" : 1
    } ]
  }, {
    "name" : "scarce_food",
    "rolls" : {
      "min" : 0,
      "max" : 2
    },
    "entries" : [ {
      "type" : "minecraft:loot_table",
      "name" : "treasure2:pools/food/scarce",
      "weight" : 1
    } ]
  }, {
    "name" : "scarce_tools",
    "rolls" : {
      "min" : 0,
      "max" : 2
    },
    "entries" : [ {
      "type" : "minecraft:loot_table",
      "name" : "treasure2:pools/tools/scarce",
      "weight" : 1
    } ]
  }, {
    "name" : "scarce_potions",
    "rolls" : {
      "min" : 0,
      "max" : 2
    },
    "entries" : [ {
      "type" : "loot_table",
      "name" : "treasure2:pools/potions/scarce",
      "weight" : 1
    } ]
  } ]
}